 Eswatini;  SZL; E
 Andorra;  EUR; €
 Emiratos Árabes Unidos;  AED; د.إ
 Afganistán;  AFN; Afs
 Antigua y Barbuda;  XCD; $
 Anguilla;  XCD; $
 Albania;  ALL; L
 Armenia;  AMD; դր.
 Angola;  AOA; Kz
 Antártida;  XCD; $
 Samoa Americana;  USD; $
 Congo;  XAF; FCFA
 Suiza;  CHF; CHF
 Costa de Marfil;  XOF; CFA
 Islas Cook;  NZD; $
 Chile;  CLP; $
 Camerún;  XAF; FCFA
 China;  CNY; ¥
 Costa Rica;  CRC; ₡
 Cuba;  CUP; $
 Cabo Verde;  CVE; $
 Curaçao;  ANG; ƒ
 Ghana;  GHS; GH¢
 Gibraltar;  GIP; £
 Guernsey;  GBP; £
 Groenlandia;  DKK; kr
 Gambia;  GMD; D
 Guinea;  GNF; FG
 Guadalupe;  EUR; €
 Guinea Ecuatorial;  XAF; FCFA
 Islas Georgia del sur y Sandwich del sur;  GBP; £
 Guam;  USD; $
 Kiribati;  AUD; $
 Comores;  KMF; CF
 San Cristóbal y Nieves;  XCD; $
 Corea del Norte;  KPW; ₩
 Malawi;  MWK; MK
 Malasia;  MYR; RM
 Mozambique;  MZN; MT
 Namibia;  NAD; $
 Nueva Caledonia;  XPF; XPF
 Níger;  XOF; CFA
 Noruega;  NOK; kr
 Islas Salomón;  SBD; SI$
 Seychelles;  SCR; SR
 Sudán;  SDG; ج.س.
 Santa Elena, Ascensión y Tristán de Acuña ;  SHP; £
 EE.UU. Islas Exteriores Menores;  USD; $
 Uruguay;  UYU; $
 Uzbekistán;  UZS; лв
 Australia;  AUD; $
 Aruba;  AWG; Afl.
 Islas Åland;  EUR; €
 Azerbaiyán;  AZN; m
 Bosnia-Herzegovina;  BAM; KM
 Barbados;  BBD; Bds$
 Bangladesh;  BDT; ৳
 Burkina Faso;  XOF; CFA
 Bahréin;  BHD; BD
 Ecuador;  USD; $
 Egipto;  EGP; E£
 Burundi;  BIF; FBu
 Benín;  XOF; CFA
 San Bartolomé;  EUR; €
 Bermudas;  BMD; BD$
 Brunei Darussalam;  BND; $
 Bolivia;  BOB; Bs.
 Bonaire, San Eustaquio y Saba;  USD; $
 Brasil;  BRL; R$
 Bahamas;  BSD; B$
 Bhután;  BTN; Nu.
 Isla Bouvet;  NOK; kr
 Botsuana;  BWP; P
 Bielorrusia;  BYN; Br
 Belize;  BZD; BZ$
 Islas Cocos (Keeling);  AUD; $
 República Centro Africana;  XAF; FCFA
 República Democrática del Congo;  CDF; Fr
 Isla de Navidad;  AUD; $
 Yibuti;  DJF; Fdj
 Dominica;  XCD; $
 Argelia;  DZD; DA
 Sáhara occidental;  MAD; DH
 Eritrea;  ERN; Nfk
 Etiopía;  ETB; Br
 Fiji;  FJD; FJ$
 Islas Malvinas;  FKP; £
 Micronesia;  USD; $
 Islas Feroe;  DKK; kr
 Gabón;  XAF; FCFA
 Granada;  XCD; $
 Georgia;  GEL; ლ
 Guayana Francesa;  EUR; €
 Guinea-Bisáu;  XOF; CFA
 Guayana;  GYD; $
 Hong Kong;  HKD; $
 Islas Heard y McDonald;  AUD; $
 Haití;  HTG; G
 Israel;  ILS; ₪
 Isla de Man;  GBP; £
 Territorio británico del Océano Índico;  USD; $
 Irak;  IQD;  ع.د
 Irán;  IRR; ﷼
 Islandia;  ISK; kr
 Jersey;  GBP; £
 Jamaica;  JMD; $
 Jordania;  JOD;  د.ا 
 Japón;  JPY; ¥
 Kenia;  KES; KSh
 Kirguistán;  KGS; лв
 Camboya;  KHR; ៛
 Corea del Sur;  KRW; ₩
 Kuwait;  KWD;  د.ك 
 Islas Caimán;  KYD; $
 Kazajstán;  KZT; лв
 Laos;  LAK; ₭
 Líbano;  LBP; ل.ل
 Santa Lucía;  XCD; $
 Liechtenstein;  CHF; CHF
 Sri Lanka;  LKR; Rs
 Liberia;  LRD; L$
 Lesotho;  LSL; M
 Libia;  LYD;  ل.د 
 Marruecos;  MAD; DH
 Mónaco;  EUR; €
 Moldavia;  MDL; L
 Montenegro;  LYD;  ل.د 
 San Martín (zona francesa);  EUR; €
 Madagascar;  MGA; Ar
 Islas Marshall;  USD; $
 Macedonia del Norte;  MKD; ден
 Mali;  XOF; CFA
 Birmania;  MMK; K
 Mongolia;  MNT; ₮
 Macao;  MOP; MOP$
 Islas Marianas del Norte;  USD; $
 Martinica;  EUR; €
 Mauritania;  MRU; UM
 Montserrat;  XCD; $
 Mauricio;  MUR; Rs
 Maldivas;  MVR; .ރ
 Isla Norfolk;  AUD; $
 Nigeria;  NGN; ₦
 Nicaragua;  NIO; C$
 Nepal;  NPR; ₨
 Nauru;  AUD; $
 Niue;  NZD; $
 Nueva Zelanda;  NZD; $
 Omán;  OMR; ر.ع.
 Panamá;  PAB; B/.
 Perú;  PEN; S/
 Papúa Nueva Guinea;  PGK; K
 Filipinas;  PHP; ₱
 Pakistán;  PKR; Rs.
 San Pierre y Miquelon;  EUR; €
 Islas Pitcairn;  NZD; $
 Puerto Rico;  USD; $
 Estado de Palestina;  ILS; ₪
 Palau;  USD; $
 Paraguay;  PYG; ₲
 Qatar;  QAR; QR
 Reunión;  EUR; €
 Serbia;  RSD; din.
 Federación Rusa;  RUB; руб
 Ruanda;  RWF; RF
 Arabia Saudita;  SAR; SR
 Svalbard y Jan Mayen;  NOK; kr
 Sierra Leona;  SLL; Le
 San Marino;  EUR; €
 Senegal;  XOF; CFA
 Somalia;  SOS; Sh.
 Surinam;  SRD; $
 Sudán del Sur;  SSP; £
 Santo Tomé y Príncipe;  STD; Db
 El Salvador;  SVC; ¢
 San Martín (parte holandesa);  ANG; ƒ
 Siria;  SYP; £
 Islas Turcas y Caicos;  USD; $
 Chad;  XAF; FCFA
 Territorios franceses del sur;  EUR; €
 Togo;  XOF; CFA
 Tailandia;  THB; ฿
 Tajikistán;  TJS; TJS
 Tokelau;  NZD; $
 Turkmekistán;  TMT; T
 Túnez;  TND; DT
 Tonga;  TOP; T$
 Timor Oriental;  USD; $
 Turquía;  TRY; ₺
 Trinidad y Tobago;  TTD; $
 Tuvalu;  AUD; $
 Taiwán;  TWD; NT$
 Tanzania;  TZS; TSh
 Ucrania;  UAH; ₴
 Uganda;  UGX; USh
 Santa Sede (Ciudad Estado del Vaticano);  EUR; €
 San Vicente y las Granadinas;  XCD; $
 Venezuela;  VEF; Bs.F
 Islas Vírgenes (Británicas);  USD; $
 Islas Vírgenes (EE.UU.);  USD; $
 Vietnam;  VND; ₫
 Vanuatu;  VUV; VT
 Wallis y Futuna;  XPF; XPF
 Samoa;  WST; WS$
 Yemen;  YER; ﷼
 Mayotte;  EUR; €
 Sudáfrica;  ZAR; R
 Zambia;  ZMW; ZK
 Zimbabwe;  ZWL; Z$
 Kosovo;  EUR; €
 Argentina;  ARS; $
 Austria;  EUR; €
 Bélgica;  EUR; €
 Bulgaria;  BGN; лв
 Canadá;  CAD; $
 Colombia;  COP; $
 Chipre;  EUR; €
 República Checa;  CZK; Kč
 Alemania;  EUR; €
 Dinamarca;  DKK; kr
 República Dominicana;  DOP; RD$
 Estonia;  EUR; €
 España;  EUR; €
 Finlandia;  EUR; €
 Francia;  EUR; €
 Grecia;  EUR; €
 Guatemala;  GTQ; Q
 Honduras;  HNL; L
 Croacia;  HRK; kn
 Hungría;  HUF; Ft
 Indonesia;  IDR; Rp
 Irlanda;  EUR; €
 India;  INR; ₹
 Italia;  EUR; €
 Lituania;  EUR; €
 Luxemburgo;  EUR; €
 Letonia;  EUR; €
 Malta;  EUR; €
 México;  MXN; $
 Holanda;  EUR; €
 Polinesia Francesa;  XPF; XPF
 Polonia;  PLN; zł
 Portugal;  EUR; €
 Rumania;  RON; lei
 Suecia;  SEK; kr
 Singapur;  SGD; S$
 Eslovenia;  EUR; €
 Eslovaquia;  EUR; €
 Reino Unido;  GBP; £
 Estados Unidos;  USD; $
